ID	mut
IGKV3-20_germline	Germline
Turner-07|Turner-07-2C08	S92/G92
COV057|COVD57_P1_HC_E6-1369	S92/G92
Cho-C034|C2066	S92/G92
COV021|COV021_P1_IgA_43-P1609	S92/G92
IDMnC5|MnC5t2p1_G1	S92/G92
WangL_pB1|B1-182-1	S92/G92
Wheatley-CP63|PDI_204	R29/G92
COV057|C037	S92/G92
COV057|COVD57_P2_HC_H6-1369	S92/G92
COV107|C125	S92/G92
COV107|COV107_Plate2_HC_81-P1369	S92/G92
Wang-MOD8|MOD8_P1_IgG_C7-P1369	S92/G92
Wang-MOD8|MOD8_P1_IgG_E3-P1369	S92/G92
Wang-MOD8|MOD8_P1_IgG_F5-P1369	S92/G92
COV021|C043	R29/G92
Veesler_S2E|S2E12	S92/G92
Dejnirattisai_Cell_Patients|COVOX-253	S92/G92
Dejnirattisai_Cell_Patients|COVOX-253H165L	R29/G92
Dejnirattisai_Cell_Patients|COVOX-253H55L	S92/G92
COV021|COVD21_P1_HC_F10-p1369	S92/G92
COV021|COV021_P1_IgA_41-P1609	S92/G92
COV021|COV021_P1_IgA_47-P1609	S92/G92
COV021|COV021_P1_IgA_49-P1609	S92/G92
COV021|COV021_P1_IgA_83-P1609	S92/G92
COV021|COV021_P2_IgA_76-P1609	S92/G92
COV021|COV021_P2_IgA_92-P1609	S92/G92
COV021|Wang-C387	S92/G92
COV021|Wang-C388	S92/G92
COV021|Wang-C450	S92/G92
IDHbnC|HbnC3t1p1_C6	S92/G92
COV107|COV107_Plate1_HC_53-P1369	S92/G92
Crowe_mix|COV2-2381	S92/G92
CV07|HK_CV07-287	S92/G92
IDHbnC|HbnC3t1p2_C6	S92/G92
Tong_G32|G32A4	S92/G92
Wang-MOD11|Mod11_P1_IgG_D1-P1369	S92/G92
Aishun_Jin_mix|13G9	R29/G92
Aishun_Jin_mix|CQTS004	R29/G92
COV072|C597	R29/D92
COV072|COV072_P3_HC_42-P1369	R29/D92
Wheatley-CP63|PDI_310	S92/G92
Wheatley-CP63|PDI_306	R29/G92
Crowe_mix|COV2-2072	S92/G92
Crowe_mix|COV2-2355	S92/G92
Crowe_mix|COV2-2684	S92/G92
COV021|C005	R29/G92
COV021|COVD21_P2_HC_F9-p1369	R29/G92
Xie_mix|BD-836	R29/G92
WangL_pA23|A23-58-1	S92/G92
Wang-MOD3|MOD3_P2_IgG_B6-P1369	R29/G92
Graham_P008|P008_081	S92/G92
Wang-C004|C004_P1_IgG_C6-P1369	R29/D92
Jennewein_CV3|CV3-1_	S92/G92
Wheatley-CP63|PDI_291	S92/G92
Graham_P008|P008_086	S92/G92
Crowe_mix|COV2-2838	S92/G92
Crowe_mix|COV2-2941	S92/G92
Crowe_mix|COV2-2961	S92/G92
Crowe_mix|COV2-3025	S92/G92
Crowe_mix|COV2-2196	S92/G92
Adreano-PT100|I14	S92/G92
Wheatley-CP63|PDI_290	R29/G92
Wang-C004|C004_P2_IgG_E3-P1369	S92/G92
Wang-C004|C004_P1_IgG_G10-P1369	R29/G92
Wang-C004|C827	R29/G92
Wheatley-CP63|PDI_308	R29/G92
Aishun_Jin_mix|58G6	R29/D92
